"",Zone,Lighting Power Density,Zone Area,Total Power,End Use Subcategory,Schedule Name,Scheduled Hours/Week,Actual Load Hours/Week,Hours/Week > 1%,Full Load Hours/Week,Return Air Fraction,Conditioned (Y/N),Consumption
THERMAL ZONE: AMEN_0300 AMENITY LIGHTS,THERMAL ZONE: AMEN_0300,0.52,1862.91,968.72,General,MIDRISEAPARTMENT COMMON LIGHT,61.95,61.95,167.98,61.95,      0.0000,Y,3127.78
THERMAL ZONE: AMEN_0400 AMENITY LIGHTS,THERMAL ZONE: AMEN_0400,0.52,1862.91,968.72,General,MIDRISEAPARTMENT COMMON LIGHT,61.95,61.95,167.98,61.95,      0.0000,Y,3127.78
THERMAL ZONE: AMEN_0501 AMENITY LIGHTS,THERMAL ZONE: AMEN_0501,0.52,1862.91,968.72,General,MIDRISEAPARTMENT COMMON LIGHT,61.95,61.95,167.98,61.95,      0.0000,Y,3127.78
THERMAL ZONE: AMEN_2100 AMENITY LIGHTS,THERMAL ZONE: AMEN_2100,0.52,310.54,161.45,General,MIDRISEAPARTMENT COMMON LIGHT,61.95,61.95,167.98,61.95,      0.0000,Y,522.22
THERMAL ZONE: AMEN_FITNESS_2200 AMENITY LIGHTS,THERMAL ZONE: AMEN_FITNESS_2200,0.52,1110.94,577.67,General,MIDRISEAPARTMENT COMMON LIGHT,61.95,61.95,167.98,61.95,      0.0000,Y,1866.67
THERMAL ZONE: AMEN_SKYLOUNGECORRIDOR_2200 AMENITY LIGHTS,THERMAL ZONE: AMEN_SKYLOUNGECORRIDOR_2200,0.52,235.73,122.56,General,MIDRISEAPARTMENT COMMON LIGHT,61.95,61.95,167.98,61.95,      0.0000,Y,397.22
THERMAL ZONE: AMEN_SKYLOUNGEROOM_2200 AMENITY LIGHTS,THERMAL ZONE: AMEN_SKYLOUNGEROOM_2200,0.52,454.78,236.46,General,MIDRISEAPARTMENT COMMON LIGHT,61.95,61.95,167.98,61.95,      0.0000,Y,763.89
THERMAL ZONE: AMEN_SKYLOUNGEROOM_2201 AMENITY LIGHTS,THERMAL ZONE: AMEN_SKYLOUNGEROOM_2201,0.52,169.75,88.29,General,MIDRISEAPARTMENT COMMON LIGHT,61.95,61.95,167.98,61.95,      0.0000,Y,286.11
THERMAL ZONE: AMEN_SKYLOUNGE_2200 AMENITY LIGHTS,THERMAL ZONE: AMEN_SKYLOUNGE_2200,0.52,1104.05,574.09,General,MIDRISEAPARTMENT COMMON LIGHT,61.95,61.95,167.98,61.95,      0.0000,Y,1855.56
THERMAL ZONE: CORR_0100 90.1-2010 - MIDRISEAPARTMENT - CORRIDOR LIGHTS,THERMAL ZONE: CORR_0100,0.48,788.35,378.43,General,ALWAYS ON,168.0,167.98,167.98,167.98,      0.0000,Y,3313.89
THERMAL ZONE: CORR_0200 90.1-2010 - MIDRISEAPARTMENT - CORRIDOR LIGHTS,THERMAL ZONE: CORR_0200,0.48,1050.23,504.13,General,ALWAYS ON,168.0,167.98,167.98,167.98,      0.0000,Y,4416.67
THERMAL ZONE: CORR_0300 90.1-2010 - MIDRISEAPARTMENT - CORRIDOR LIGHTS,THERMAL ZONE: CORR_0300,0.48,6301.62,3024.76,General,ALWAYS ON,168.0,167.98,167.98,167.98,      0.0000,Y,26494.44
THERMAL ZONE: CORR_0400 90.1-2010 - MIDRISEAPARTMENT - CORRIDOR LIGHTS,THERMAL ZONE: CORR_0400,0.48,6301.62,3024.76,General,ALWAYS ON,168.0,167.98,167.98,167.98,      0.0000,Y,26494.44
THERMAL ZONE: CORR_0500 90.1-2010 - MIDRISEAPARTMENT - CORRIDOR LIGHTS,THERMAL ZONE: CORR_0500,0.48,6301.62,3024.76,General,ALWAYS ON,168.0,167.98,167.98,167.98,      0.0000,Y,26494.44
THERMAL ZONE: CORR_2100 90.1-2010 - MIDRISEAPARTMENT - CORRIDOR LIGHTS,THERMAL ZONE: CORR_2100,0.48,1050.23,504.13,General,ALWAYS ON,168.0,167.98,167.98,167.98,      0.0000,Y,4416.67
THERMAL ZONE: CORR_2300 90.1-2010 - MIDRISEAPARTMENT - CORRIDOR LIGHTS,THERMAL ZONE: CORR_2300,0.48,235.73,113.13,General,ALWAYS ON,168.0,167.98,167.98,167.98,      0.0000,Y,991.67
THERMAL ZONE: CORR_2301 90.1-2010 - MIDRISEAPARTMENT - CORRIDOR LIGHTS,THERMAL ZONE: CORR_2301,0.48,116.36,55.88,General,ALWAYS ON,168.0,167.98,167.98,167.98,      0.0000,Y,488.89
THERMAL ZONE: ELEV LOBBY_2200 90.1-2010 - MIDRISEAPARTMENT - CORRIDOR LIGHTS,THERMAL ZONE: ELEV LOBBY_2200,0.48,201.61,96.8,General,ALWAYS ON,168.0,167.98,167.98,167.98,      0.0000,Y,847.22
THERMAL ZONE: ELEV LOBBY_P100 90.1-2010 - MIDRISEAPARTMENT - CORRIDOR LIGHTS,THERMAL ZONE: ELEV LOBBY_P100,0.48,201.61,96.8,General,ALWAYS ON,168.0,167.98,167.98,167.98,      0.0000,Y,847.22
THERMAL ZONE: ELEV LOBBY_P200 90.1-2010 - MIDRISEAPARTMENT - CORRIDOR LIGHTS,THERMAL ZONE: ELEV LOBBY_P200,0.48,201.61,96.8,General,ALWAYS ON,168.0,167.98,167.98,167.98,      0.0000,Y,847.22
THERMAL ZONE: LOBBY_MAIL_0100 90.1-2010 - MIDRISEAPARTMENT - CORRIDOR LIGHTS,THERMAL ZONE: LOBBY_MAIL_0100,0.48,1592.84,764.57,General,ALWAYS ON,168.0,167.98,167.98,167.98,      0.0000,Y,6697.22
THERMAL ZONE: ELEC_0300 LIGHTS 7,THERMAL ZONE: ELEC_0300,0.68,807.51,549.12,General,MIDRISEAPARTMENT ELECMECH LIGHT,14.0,14.0,70.0,14.0,      0.0000,Y,400.0
THERMAL ZONE: ELEC_0400 LIGHTS 7,THERMAL ZONE: ELEC_0400,0.68,807.51,549.12,General,MIDRISEAPARTMENT ELECMECH LIGHT,14.0,14.0,70.0,14.0,      0.0000,Y,400.0
THERMAL ZONE: FCC_0100 LIGHTS 7,THERMAL ZONE: FCC_0100,0.68,191.27,130.05,General,MIDRISEAPARTMENT ELECMECH LIGHT,14.0,14.0,70.0,14.0,      0.0000,Y,94.44
THERMAL ZONE: MECH_0200 LIGHTS 7,THERMAL ZONE: MECH_0200,0.68,107.32,72.97,General,MIDRISEAPARTMENT ELECMECH LIGHT,14.0,14.0,70.0,14.0,      0.0000,Y,52.78
THERMAL ZONE: MECH_0300 LIGHTS 7,THERMAL ZONE: MECH_0300,0.68,643.79,437.8,General,MIDRISEAPARTMENT ELECMECH LIGHT,14.0,14.0,70.0,14.0,      0.0000,Y,319.44
THERMAL ZONE: MECH_0400 LIGHTS 7,THERMAL ZONE: MECH_0400,0.68,643.79,437.8,General,MIDRISEAPARTMENT ELECMECH LIGHT,14.0,14.0,70.0,14.0,      0.0000,Y,319.44
THERMAL ZONE: MECH_0500 LIGHTS 7,THERMAL ZONE: MECH_0500,0.68,643.79,437.8,General,MIDRISEAPARTMENT ELECMECH LIGHT,14.0,14.0,70.0,14.0,      0.0000,Y,319.44
THERMAL ZONE: MECH_2100 LIGHTS 7,THERMAL ZONE: MECH_2100,0.68,107.32,72.97,General,MIDRISEAPARTMENT ELECMECH LIGHT,14.0,14.0,70.0,14.0,      0.0000,Y,52.78
THERMAL ZONE: LAUNDRY_0100 LIGHTS 5,THERMAL ZONE: LAUNDRY_0100,0.8,1021.28,817.05,General,APARTMENTMIDRISE LTG_OFF_SCH_2013,62.05,62.05,167.98,62.05,      0.0000,Y,2644.44
THERMAL ZONE: LEASING_0100 LIGHTS 5,THERMAL ZONE: LEASING_0100,0.8,566.29,453.0,General,APARTMENTMIDRISE LTG_OFF_SCH_2013,62.05,62.05,167.98,62.05,      0.0000,Y,1466.67
THERMAL ZONE: RETAIL_0100 LIGHTS 5,THERMAL ZONE: RETAIL_0100,0.8,1597.58,1278.05,General,APARTMENTMIDRISE LTG_OFF_SCH_2013,62.05,62.05,167.98,62.05,      0.0000,Y,4136.11
THERMAL ZONE: UNIT_0202 APARTMENT LIGHTS,THERMAL ZONE: UNIT_0202,0.27,266.94,72.06,General,MIDRISEAPARTMENT APARTMENT LIGHT,16.37,16.37,167.98,16.37,      0.0000,Y,61.11
THERMAL ZONE: UNIT_0203 APARTMENT LIGHTS,THERMAL ZONE: UNIT_0203,0.27,291.49,78.69,General,MIDRISEAPARTMENT APARTMENT LIGHT,16.37,16.37,167.98,16.37,      0.0000,Y,66.67
THERMAL ZONE: UNIT_0204 APARTMENT LIGHTS,THERMAL ZONE: UNIT_0204,0.27,266.51,71.96,General,MIDRISEAPARTMENT APARTMENT LIGHT,16.37,16.37,167.98,16.37,      0.0000,Y,61.11
THERMAL ZONE: UNIT_0205 APARTMENT LIGHTS,THERMAL ZONE: UNIT_0205,0.27,266.41,71.93,General,MIDRISEAPARTMENT APARTMENT LIGHT,16.37,16.37,167.98,16.37,      0.0000,Y,61.11
THERMAL ZONE: UNIT_0206 APARTMENT LIGHTS,THERMAL ZONE: UNIT_0206,0.27,291.59,78.72,General,MIDRISEAPARTMENT APARTMENT LIGHT,16.37,16.37,167.98,16.37,      0.0000,Y,66.67
THERMAL ZONE: UNIT_0207 APARTMENT LIGHTS,THERMAL ZONE: UNIT_0207,0.27,277.49,74.93,General,MIDRISEAPARTMENT APARTMENT LIGHT,16.37,16.37,167.98,16.37,      0.0000,Y,63.89
THERMAL ZONE: UNIT_0208 APARTMENT LIGHTS,THERMAL ZONE: UNIT_0208,0.27,277.92,75.03,General,MIDRISEAPARTMENT APARTMENT LIGHT,16.37,16.37,167.98,16.37,      0.0000,Y,63.89
THERMAL ZONE: UNIT_0210 APARTMENT LIGHTS,THERMAL ZONE: UNIT_0210,0.27,438.2,118.33,General,MIDRISEAPARTMENT APARTMENT LIGHT,16.37,16.37,167.98,16.37,      0.0000,Y,100.0
THERMAL ZONE: UNIT_0212 APARTMENT LIGHTS,THERMAL ZONE: UNIT_0212,0.27,284.27,76.76,General,MIDRISEAPARTMENT APARTMENT LIGHT,16.37,16.37,167.98,16.37,      0.0000,Y,66.67
THERMAL ZONE: UNIT_0213 APARTMENT LIGHTS,THERMAL ZONE: UNIT_0213,0.27,278.25,75.14,General,MIDRISEAPARTMENT APARTMENT LIGHT,16.37,16.37,167.98,16.37,      0.0000,Y,63.89
THERMAL ZONE: UNIT_0214 APARTMENT LIGHTS,THERMAL ZONE: UNIT_0214,0.27,278.68,75.25,General,MIDRISEAPARTMENT APARTMENT LIGHT,16.37,16.37,167.98,16.37,      0.0000,Y,63.89
THERMAL ZONE: UNIT_0215 APARTMENT LIGHTS,THERMAL ZONE: UNIT_0215,0.27,277.49,74.93,General,MIDRISEAPARTMENT APARTMENT LIGHT,16.37,16.37,167.98,16.37,      0.0000,Y,63.89
THERMAL ZONE: UNIT_0216 APARTMENT LIGHTS,THERMAL ZONE: UNIT_0216,0.27,279.43,75.46,General,MIDRISEAPARTMENT APARTMENT LIGHT,16.37,16.37,167.98,16.37,      0.0000,Y,63.89
THERMAL ZONE: UNIT_0217 APARTMENT LIGHTS,THERMAL ZONE: UNIT_0217,0.27,277.49,74.93,General,MIDRISEAPARTMENT APARTMENT LIGHT,16.37,16.37,167.98,16.37,      0.0000,Y,63.89
THERMAL ZONE: UNIT_0218 APARTMENT LIGHTS,THERMAL ZONE: UNIT_0218,0.27,279.43,75.46,General,MIDRISEAPARTMENT APARTMENT LIGHT,16.37,16.37,167.98,16.37,      0.0000,Y,63.89
THERMAL ZONE: UNIT_0302 APARTMENT LIGHTS,THERMAL ZONE: UNIT_0302,0.27,1601.35,432.37,General,MIDRISEAPARTMENT APARTMENT LIGHT,16.37,16.37,167.98,16.37,      0.0000,Y,369.44
THERMAL ZONE: UNIT_0303 APARTMENT LIGHTS,THERMAL ZONE: UNIT_0303,0.27,1748.6,472.12,General,MIDRISEAPARTMENT APARTMENT LIGHT,16.37,16.37,167.98,16.37,      0.0000,Y,402.78
THERMAL ZONE: UNIT_0304 APARTMENT LIGHTS,THERMAL ZONE: UNIT_0304,0.27,1749.35,472.32,General,MIDRISEAPARTMENT APARTMENT LIGHT,16.37,16.37,167.98,16.37,      0.0000,Y,402.78
THERMAL ZONE: UNIT_0305 APARTMENT LIGHTS,THERMAL ZONE: UNIT_0305,0.27,1665.18,449.6,General,MIDRISEAPARTMENT APARTMENT LIGHT,16.37,16.37,167.98,16.37,      0.0000,Y,383.33
THERMAL ZONE: UNIT_0306 APARTMENT LIGHTS,THERMAL ZONE: UNIT_0306,0.27,1667.33,450.19,General,MIDRISEAPARTMENT APARTMENT LIGHT,16.37,16.37,167.98,16.37,      0.0000,Y,383.33
THERMAL ZONE: UNIT_0308 APARTMENT LIGHTS,THERMAL ZONE: UNIT_0308,0.27,2629.52,709.96,General,MIDRISEAPARTMENT APARTMENT LIGHT,16.37,16.37,167.98,16.37,      0.0000,Y,605.56
THERMAL ZONE: UNIT_0310 APARTMENT LIGHTS,THERMAL ZONE: UNIT_0310,0.27,1705.86,460.57,General,MIDRISEAPARTMENT APARTMENT LIGHT,16.37,16.37,167.98,16.37,      0.0000,Y,394.44
THERMAL ZONE: UNIT_0311 APARTMENT LIGHTS,THERMAL ZONE: UNIT_0311,0.27,1669.81,450.83,General,MIDRISEAPARTMENT APARTMENT LIGHT,16.37,16.37,167.98,16.37,      0.0000,Y,386.11
THERMAL ZONE: UNIT_0312 APARTMENT LIGHTS,THERMAL ZONE: UNIT_0312,0.27,1672.28,451.51,General,MIDRISEAPARTMENT APARTMENT LIGHT,16.37,16.37,167.98,16.37,      0.0000,Y,386.11
THERMAL ZONE: UNIT_0313 APARTMENT LIGHTS,THERMAL ZONE: UNIT_0313,0.27,1665.18,449.6,General,MIDRISEAPARTMENT APARTMENT LIGHT,16.37,16.37,167.98,16.37,      0.0000,Y,383.33
THERMAL ZONE: UNIT_0314 APARTMENT LIGHTS,THERMAL ZONE: UNIT_0314,0.27,1676.8,452.74,General,MIDRISEAPARTMENT APARTMENT LIGHT,16.37,16.37,167.98,16.37,      0.0000,Y,386.11
THERMAL ZONE: UNIT_0315 APARTMENT LIGHTS,THERMAL ZONE: UNIT_0315,0.27,1665.18,449.6,General,MIDRISEAPARTMENT APARTMENT LIGHT,16.37,16.37,167.98,16.37,      0.0000,Y,383.33
THERMAL ZONE: UNIT_0316 APARTMENT LIGHTS,THERMAL ZONE: UNIT_0316,0.27,1676.8,452.74,General,MIDRISEAPARTMENT APARTMENT LIGHT,16.37,16.37,167.98,16.37,      0.0000,Y,386.11
THERMAL ZONE: UNIT_0402 APARTMENT LIGHTS,THERMAL ZONE: UNIT_0402,0.27,1601.35,432.37,General,MIDRISEAPARTMENT APARTMENT LIGHT,16.37,16.37,167.98,16.37,      0.0000,Y,369.44
THERMAL ZONE: UNIT_0403 APARTMENT LIGHTS,THERMAL ZONE: UNIT_0403,0.27,1748.6,472.12,General,MIDRISEAPARTMENT APARTMENT LIGHT,16.37,16.37,167.98,16.37,      0.0000,Y,402.78
THERMAL ZONE: UNIT_0404 APARTMENT LIGHTS,THERMAL ZONE: UNIT_0404,0.27,1749.35,472.32,General,MIDRISEAPARTMENT APARTMENT LIGHT,16.37,16.37,167.98,16.37,      0.0000,Y,402.78
THERMAL ZONE: UNIT_0405 APARTMENT LIGHTS,THERMAL ZONE: UNIT_0405,0.27,1665.18,449.6,General,MIDRISEAPARTMENT APARTMENT LIGHT,16.37,16.37,167.98,16.37,      0.0000,Y,383.33
THERMAL ZONE: UNIT_0406 APARTMENT LIGHTS,THERMAL ZONE: UNIT_0406,0.27,1667.33,450.19,General,MIDRISEAPARTMENT APARTMENT LIGHT,16.37,16.37,167.98,16.37,      0.0000,Y,383.33
THERMAL ZONE: UNIT_0408 APARTMENT LIGHTS,THERMAL ZONE: UNIT_0408,0.27,2629.52,709.96,General,MIDRISEAPARTMENT APARTMENT LIGHT,16.37,16.37,167.98,16.37,      0.0000,Y,605.56
THERMAL ZONE: UNIT_0410 APARTMENT LIGHTS,THERMAL ZONE: UNIT_0410,0.27,1705.86,460.57,General,MIDRISEAPARTMENT APARTMENT LIGHT,16.37,16.37,167.98,16.37,      0.0000,Y,394.44
THERMAL ZONE: UNIT_0411 APARTMENT LIGHTS,THERMAL ZONE: UNIT_0411,0.27,1669.81,450.83,General,MIDRISEAPARTMENT APARTMENT LIGHT,16.37,16.37,167.98,16.37,      0.0000,Y,386.11
THERMAL ZONE: UNIT_0412 APARTMENT LIGHTS,THERMAL ZONE: UNIT_0412,0.27,1672.28,451.51,General,MIDRISEAPARTMENT APARTMENT LIGHT,16.37,16.37,167.98,16.37,      0.0000,Y,386.11
THERMAL ZONE: UNIT_0413 APARTMENT LIGHTS,THERMAL ZONE: UNIT_0413,0.27,1665.18,449.6,General,MIDRISEAPARTMENT APARTMENT LIGHT,16.37,16.37,167.98,16.37,      0.0000,Y,383.33
THERMAL ZONE: UNIT_0414 APARTMENT LIGHTS,THERMAL ZONE: UNIT_0414,0.27,1676.8,452.74,General,MIDRISEAPARTMENT APARTMENT LIGHT,16.37,16.37,167.98,16.37,      0.0000,Y,386.11
THERMAL ZONE: UNIT_0415 APARTMENT LIGHTS,THERMAL ZONE: UNIT_0415,0.27,1665.18,449.6,General,MIDRISEAPARTMENT APARTMENT LIGHT,16.37,16.37,167.98,16.37,      0.0000,Y,383.33
THERMAL ZONE: UNIT_0416 APARTMENT LIGHTS,THERMAL ZONE: UNIT_0416,0.27,1676.8,452.74,General,MIDRISEAPARTMENT APARTMENT LIGHT,16.37,16.37,167.98,16.37,      0.0000,Y,386.11
THERMAL ZONE: UNIT_0502 APARTMENT LIGHTS,THERMAL ZONE: UNIT_0502,0.27,1601.35,432.37,General,MIDRISEAPARTMENT APARTMENT LIGHT,16.37,16.37,167.98,16.37,      0.0000,Y,369.44
THERMAL ZONE: UNIT_0503 APARTMENT LIGHTS,THERMAL ZONE: UNIT_0503,0.27,1748.6,472.12,General,MIDRISEAPARTMENT APARTMENT LIGHT,16.37,16.37,167.98,16.37,      0.0000,Y,402.78
THERMAL ZONE: UNIT_0504 APARTMENT LIGHTS,THERMAL ZONE: UNIT_0504,0.27,1749.35,472.32,General,MIDRISEAPARTMENT APARTMENT LIGHT,16.37,16.37,167.98,16.37,      0.0000,Y,402.78
THERMAL ZONE: UNIT_0505 APARTMENT LIGHTS,THERMAL ZONE: UNIT_0505,0.27,1665.18,449.6,General,MIDRISEAPARTMENT APARTMENT LIGHT,16.37,16.37,167.98,16.37,      0.0000,Y,383.33
THERMAL ZONE: UNIT_0506 APARTMENT LIGHTS,THERMAL ZONE: UNIT_0506,0.27,1667.33,450.19,General,MIDRISEAPARTMENT APARTMENT LIGHT,16.37,16.37,167.98,16.37,      0.0000,Y,383.33
THERMAL ZONE: UNIT_0508 APARTMENT LIGHTS,THERMAL ZONE: UNIT_0508,0.27,2629.52,709.96,General,MIDRISEAPARTMENT APARTMENT LIGHT,16.37,16.37,167.98,16.37,      0.0000,Y,605.56
THERMAL ZONE: UNIT_0510 APARTMENT LIGHTS,THERMAL ZONE: UNIT_0510,0.27,1705.86,460.57,General,MIDRISEAPARTMENT APARTMENT LIGHT,16.37,16.37,167.98,16.37,      0.0000,Y,394.44
THERMAL ZONE: UNIT_0511 APARTMENT LIGHTS,THERMAL ZONE: UNIT_0511,0.27,1669.81,450.83,General,MIDRISEAPARTMENT APARTMENT LIGHT,16.37,16.37,167.98,16.37,      0.0000,Y,386.11
THERMAL ZONE: UNIT_0512 APARTMENT LIGHTS,THERMAL ZONE: UNIT_0512,0.27,1672.28,451.51,General,MIDRISEAPARTMENT APARTMENT LIGHT,16.37,16.37,167.98,16.37,      0.0000,Y,386.11
THERMAL ZONE: UNIT_0513 APARTMENT LIGHTS,THERMAL ZONE: UNIT_0513,0.27,1665.18,449.6,General,MIDRISEAPARTMENT APARTMENT LIGHT,16.37,16.37,167.98,16.37,      0.0000,Y,383.33
THERMAL ZONE: UNIT_0514 APARTMENT LIGHTS,THERMAL ZONE: UNIT_0514,0.27,1676.8,452.74,General,MIDRISEAPARTMENT APARTMENT LIGHT,16.37,16.37,167.98,16.37,      0.0000,Y,386.11
THERMAL ZONE: UNIT_0515 APARTMENT LIGHTS,THERMAL ZONE: UNIT_0515,0.27,1665.18,449.6,General,MIDRISEAPARTMENT APARTMENT LIGHT,16.37,16.37,167.98,16.37,      0.0000,Y,383.33
THERMAL ZONE: UNIT_0516 APARTMENT LIGHTS,THERMAL ZONE: UNIT_0516,0.27,1676.8,452.74,General,MIDRISEAPARTMENT APARTMENT LIGHT,16.37,16.37,167.98,16.37,      0.0000,Y,386.11
THERMAL ZONE: UNIT_2102 APARTMENT LIGHTS,THERMAL ZONE: UNIT_2102,0.27,266.94,72.06,General,MIDRISEAPARTMENT APARTMENT LIGHT,16.37,16.37,167.98,16.37,      0.0000,Y,61.11
THERMAL ZONE: UNIT_2103 APARTMENT LIGHTS,THERMAL ZONE: UNIT_2103,0.27,291.49,78.69,General,MIDRISEAPARTMENT APARTMENT LIGHT,16.37,16.37,167.98,16.37,      0.0000,Y,66.67
THERMAL ZONE: UNIT_2104 APARTMENT LIGHTS,THERMAL ZONE: UNIT_2104,0.27,291.59,78.72,General,MIDRISEAPARTMENT APARTMENT LIGHT,16.37,16.37,167.98,16.37,      0.0000,Y,66.67
THERMAL ZONE: UNIT_2105 APARTMENT LIGHTS,THERMAL ZONE: UNIT_2105,0.27,277.49,74.93,General,MIDRISEAPARTMENT APARTMENT LIGHT,16.37,16.37,167.98,16.37,      0.0000,Y,63.89
THERMAL ZONE: UNIT_2106 APARTMENT LIGHTS,THERMAL ZONE: UNIT_2106,0.27,277.92,75.03,General,MIDRISEAPARTMENT APARTMENT LIGHT,16.37,16.37,167.98,16.37,      0.0000,Y,63.89
THERMAL ZONE: UNIT_2108 APARTMENT LIGHTS,THERMAL ZONE: UNIT_2108,0.27,572.86,154.67,General,MIDRISEAPARTMENT APARTMENT LIGHT,16.37,16.37,167.98,16.37,      0.0000,Y,133.33
THERMAL ZONE: UNIT_2110 APARTMENT LIGHTS,THERMAL ZONE: UNIT_2110,0.27,284.27,76.76,General,MIDRISEAPARTMENT APARTMENT LIGHT,16.37,16.37,167.98,16.37,      0.0000,Y,66.67
THERMAL ZONE: UNIT_2111 APARTMENT LIGHTS,THERMAL ZONE: UNIT_2111,0.27,278.25,75.14,General,MIDRISEAPARTMENT APARTMENT LIGHT,16.37,16.37,167.98,16.37,      0.0000,Y,63.89
THERMAL ZONE: UNIT_2112 APARTMENT LIGHTS,THERMAL ZONE: UNIT_2112,0.27,278.68,75.25,General,MIDRISEAPARTMENT APARTMENT LIGHT,16.37,16.37,167.98,16.37,      0.0000,Y,63.89
THERMAL ZONE: UNIT_2113 APARTMENT LIGHTS,THERMAL ZONE: UNIT_2113,0.27,277.49,74.93,General,MIDRISEAPARTMENT APARTMENT LIGHT,16.37,16.37,167.98,16.37,      0.0000,Y,63.89
THERMAL ZONE: UNIT_2114 APARTMENT LIGHTS,THERMAL ZONE: UNIT_2114,0.27,279.43,75.46,General,MIDRISEAPARTMENT APARTMENT LIGHT,16.37,16.37,167.98,16.37,      0.0000,Y,63.89
THERMAL ZONE: UNIT_2115 APARTMENT LIGHTS,THERMAL ZONE: UNIT_2115,0.27,277.49,74.93,General,MIDRISEAPARTMENT APARTMENT LIGHT,16.37,16.37,167.98,16.37,      0.0000,Y,63.89
THERMAL ZONE: UNIT_2116 APARTMENT LIGHTS,THERMAL ZONE: UNIT_2116,0.27,279.43,75.46,General,MIDRISEAPARTMENT APARTMENT LIGHT,16.37,16.37,167.98,16.37,      0.0000,Y,63.89
THERMAL ZONE: UNIT_0211_2B APARTMENT LIGHTS 1,THERMAL ZONE: UNIT_0211_2B,0.27,584.27,157.75,General,MIDRISEAPARTMENT APARTMENT LIGHT,16.37,16.37,167.98,16.37,      0.0000,Y,133.33
THERMAL ZONE: UNIT_0309_2B APARTMENT LIGHTS 1,THERMAL ZONE: UNIT_0309_2B,0.27,3505.48,946.48,General,MIDRISEAPARTMENT APARTMENT LIGHT,16.37,16.37,167.98,16.37,      0.0000,Y,808.33
THERMAL ZONE: UNIT_0409_2B APARTMENT LIGHTS 1,THERMAL ZONE: UNIT_0409_2B,0.27,3505.48,946.48,General,MIDRISEAPARTMENT APARTMENT LIGHT,16.37,16.37,167.98,16.37,      0.0000,Y,808.33
THERMAL ZONE: UNIT_0509_2B APARTMENT LIGHTS 1,THERMAL ZONE: UNIT_0509_2B,0.27,3505.48,946.48,General,MIDRISEAPARTMENT APARTMENT LIGHT,16.37,16.37,167.98,16.37,      0.0000,Y,808.33
THERMAL ZONE: UNIT_2109_2B APARTMENT LIGHTS 1,THERMAL ZONE: UNIT_2109_2B,0.27,584.27,157.75,General,MIDRISEAPARTMENT APARTMENT LIGHT,16.37,16.37,167.98,16.37,      0.0000,Y,133.33
THERMAL ZONE: UNIT_0209_3B APARTMENT LIGHTS 2,THERMAL ZONE: UNIT_0209_3B,0.27,902.88,243.78,General,MIDRISEAPARTMENT APARTMENT LIGHT,16.37,16.37,167.98,16.37,      0.0000,Y,208.33
THERMAL ZONE: UNIT_0307_3B APARTMENT LIGHTS 2,THERMAL ZONE: UNIT_0307_3B,0.27,5417.26,1462.67,General,MIDRISEAPARTMENT APARTMENT LIGHT,16.37,16.37,167.98,16.37,      0.0000,Y,1250.0
THERMAL ZONE: UNIT_0407_3B APARTMENT LIGHTS 2,THERMAL ZONE: UNIT_0407_3B,0.27,5417.26,1462.67,General,MIDRISEAPARTMENT APARTMENT LIGHT,16.37,16.37,167.98,16.37,      0.0000,Y,1250.0
THERMAL ZONE: UNIT_0507_3B APARTMENT LIGHTS 2,THERMAL ZONE: UNIT_0507_3B,0.27,5417.26,1462.67,General,MIDRISEAPARTMENT APARTMENT LIGHT,16.37,16.37,167.98,16.37,      0.0000,Y,1250.0
THERMAL ZONE: UNIT_2107_3B APARTMENT LIGHTS 2,THERMAL ZONE: UNIT_2107_3B,0.27,902.88,243.78,General,MIDRISEAPARTMENT APARTMENT LIGHT,16.37,16.37,167.98,16.37,      0.0000,Y,208.33
THERMAL ZONE: UNIT_0201_4B APARTMENT LIGHTS 3,THERMAL ZONE: UNIT_0201_4B,0.27,1134.19,306.24,General,MIDRISEAPARTMENT APARTMENT LIGHT,16.37,16.37,167.98,16.37,      0.0000,Y,261.11
THERMAL ZONE: UNIT_0219_4B APARTMENT LIGHTS 3,THERMAL ZONE: UNIT_0219_4B,0.27,1127.09,304.32,General,MIDRISEAPARTMENT APARTMENT LIGHT,16.37,16.37,167.98,16.37,      0.0000,Y,261.11
THERMAL ZONE: UNIT_0301_4B APARTMENT LIGHTS 3,THERMAL ZONE: UNIT_0301_4B,0.27,6805.37,1837.46,General,MIDRISEAPARTMENT APARTMENT LIGHT,16.37,16.37,167.98,16.37,      0.0000,Y,1569.44
THERMAL ZONE: UNIT_0317_4B APARTMENT LIGHTS 3,THERMAL ZONE: UNIT_0317_4B,0.27,6762.64,1825.93,General,MIDRISEAPARTMENT APARTMENT LIGHT,16.37,16.37,167.98,16.37,      0.0000,Y,1558.33
THERMAL ZONE: UNIT_0401_4B APARTMENT LIGHTS 3,THERMAL ZONE: UNIT_0401_4B,0.27,6805.37,1837.46,General,MIDRISEAPARTMENT APARTMENT LIGHT,16.37,16.37,167.98,16.37,      0.0000,Y,1569.44
THERMAL ZONE: UNIT_0417_4B APARTMENT LIGHTS 3,THERMAL ZONE: UNIT_0417_4B,0.27,6762.64,1825.93,General,MIDRISEAPARTMENT APARTMENT LIGHT,16.37,16.37,167.98,16.37,      0.0000,Y,1558.33
THERMAL ZONE: UNIT_0501_4B APARTMENT LIGHTS 3,THERMAL ZONE: UNIT_0501_4B,0.27,6805.37,1837.46,General,MIDRISEAPARTMENT APARTMENT LIGHT,16.37,16.37,167.98,16.37,      0.0000,Y,1569.44
THERMAL ZONE: UNIT_0517_4B APARTMENT LIGHTS 3,THERMAL ZONE: UNIT_0517_4B,0.27,6762.64,1825.93,General,MIDRISEAPARTMENT APARTMENT LIGHT,16.37,16.37,167.98,16.37,      0.0000,Y,1558.33
THERMAL ZONE: UNIT_2101_4B APARTMENT LIGHTS 3,THERMAL ZONE: UNIT_2101_4B,0.27,1134.19,306.24,General,MIDRISEAPARTMENT APARTMENT LIGHT,16.37,16.37,167.98,16.37,      0.0000,Y,261.11
THERMAL ZONE: UNIT_2117_4B APARTMENT LIGHTS 3,THERMAL ZONE: UNIT_2117_4B,0.27,1127.09,304.32,General,MIDRISEAPARTMENT APARTMENT LIGHT,16.37,16.37,167.98,16.37,      0.0000,Y,261.11
THERMAL ZONE: RESTROOM_0100 LIGHTS 1,THERMAL ZONE: RESTROOM_0100,0.7,119.69,83.78,General,ALWAYS ON,168.0,167.98,167.98,167.98,      0.0000,Y,733.33
THERMAL ZONE: RESTROOM_2201 LIGHTS 1,THERMAL ZONE: RESTROOM_2201,0.7,107.32,75.11,General,ALWAYS ON,168.0,167.98,167.98,167.98,      0.0000,Y,658.33
THERMAL ZONE: RESTROOM_2202 LIGHTS 1,THERMAL ZONE: RESTROOM_2202,0.7,73.73,51.62,General,ALWAYS ON,168.0,167.98,167.98,167.98,      0.0000,Y,452.78
THERMAL ZONE: STAIR_0101 LIGHTS 2,THERMAL ZONE: STAIR_0101,0.5,206.77,103.36,General,ALWAYS ON,168.0,167.98,167.98,167.98,      0.0000,Y,905.56
THERMAL ZONE: STAIR_0102 LIGHTS 2,THERMAL ZONE: STAIR_0102,0.5,206.45,103.21,General,ALWAYS ON,168.0,167.98,167.98,167.98,      0.0000,Y,902.78
THERMAL ZONE: STAIR_0201 LIGHTS 2,THERMAL ZONE: STAIR_0201,0.5,206.77,103.36,General,ALWAYS ON,168.0,167.98,167.98,167.98,      0.0000,Y,905.56
THERMAL ZONE: STAIR_0202 LIGHTS 2,THERMAL ZONE: STAIR_0202,0.5,206.45,103.21,General,ALWAYS ON,168.0,167.98,167.98,167.98,      0.0000,Y,902.78
THERMAL ZONE: STAIR_0301 LIGHTS 2,THERMAL ZONE: STAIR_0301,0.5,1240.33,620.18,General,ALWAYS ON,168.0,167.98,167.98,167.98,      0.0000,Y,5433.33
THERMAL ZONE: STAIR_0302 LIGHTS 2,THERMAL ZONE: STAIR_0302,0.5,1238.5,619.24,General,ALWAYS ON,168.0,167.98,167.98,167.98,      0.0000,Y,5425.0
THERMAL ZONE: STAIR_0401 LIGHTS 2,THERMAL ZONE: STAIR_0401,0.5,1240.33,620.18,General,ALWAYS ON,168.0,167.98,167.98,167.98,      0.0000,Y,5433.33
THERMAL ZONE: STAIR_0402 LIGHTS 2,THERMAL ZONE: STAIR_0402,0.5,1238.5,619.24,General,ALWAYS ON,168.0,167.98,167.98,167.98,      0.0000,Y,5425.0
THERMAL ZONE: STAIR_0501 LIGHTS 2,THERMAL ZONE: STAIR_0501,0.5,1240.33,620.18,General,ALWAYS ON,168.0,167.98,167.98,167.98,      0.0000,Y,5433.33
THERMAL ZONE: STAIR_0502 LIGHTS 2,THERMAL ZONE: STAIR_0502,0.5,1238.5,619.24,General,ALWAYS ON,168.0,167.98,167.98,167.98,      0.0000,Y,5425.0
THERMAL ZONE: STAIR_2101 LIGHTS 2,THERMAL ZONE: STAIR_2101,0.5,206.77,103.36,General,ALWAYS ON,168.0,167.98,167.98,167.98,      0.0000,Y,905.56
THERMAL ZONE: STAIR_2102 LIGHTS 2,THERMAL ZONE: STAIR_2102,0.5,206.45,103.21,General,ALWAYS ON,168.0,167.98,167.98,167.98,      0.0000,Y,902.78
THERMAL ZONE: STAIR_2201 LIGHTS 2,THERMAL ZONE: STAIR_2201,0.5,206.77,103.36,General,ALWAYS ON,168.0,167.98,167.98,167.98,      0.0000,Y,905.56
THERMAL ZONE: STAIR_2202 LIGHTS 2,THERMAL ZONE: STAIR_2202,0.5,206.24,103.13,General,ALWAYS ON,168.0,167.98,167.98,167.98,      0.0000,Y,902.78
THERMAL ZONE: STAIR_2301 LIGHTS 2,THERMAL ZONE: STAIR_2301,0.5,206.77,103.36,General,ALWAYS ON,168.0,167.98,167.98,167.98,      0.0000,Y,905.56
THERMAL ZONE: STAIR_2302 LIGHTS 2,THERMAL ZONE: STAIR_2302,0.5,206.45,103.21,General,ALWAYS ON,168.0,167.98,167.98,167.98,      0.0000,Y,902.78
THERMAL ZONE: STAIR_P101 LIGHTS 2,THERMAL ZONE: STAIR_P101,0.5,206.77,103.36,General,ALWAYS ON,168.0,167.98,167.98,167.98,      0.0000,Y,905.56
THERMAL ZONE: STAIR_P102 LIGHTS 2,THERMAL ZONE: STAIR_P102,0.5,206.45,103.21,General,ALWAYS ON,168.0,167.98,167.98,167.98,      0.0000,Y,902.78
THERMAL ZONE: STAIR_P201 LIGHTS 2,THERMAL ZONE: STAIR_P201,0.5,206.77,103.36,General,ALWAYS ON,168.0,167.98,167.98,167.98,      0.0000,Y,905.56
THERMAL ZONE: STAIR_P202 LIGHTS 2,THERMAL ZONE: STAIR_P202,0.5,206.45,103.21,General,ALWAYS ON,168.0,167.98,167.98,167.98,      0.0000,Y,902.78
THERMAL ZONE: PACKAGE_0100 LIGHTS 3,THERMAL ZONE: PACKAGE_0100,0.45,307.31,138.28,General,MIDRISEAPARTMENT ELECMECH LIGHT,14.0,14.0,70.0,14.0,      0.0000,Y,100.0
THERMAL ZONE: RETAIL STORAGE_0100 LIGHTS 3,THERMAL ZONE: RETAIL STORAGE_0100,0.45,411.93,185.38,General,MIDRISEAPARTMENT ELECMECH LIGHT,14.0,14.0,70.0,14.0,      0.0000,N,136.11
THERMAL ZONE: STOR_0100 LIGHTS 3,THERMAL ZONE: STOR_0100,0.45,73.73,33.19,General,MIDRISEAPARTMENT ELECMECH LIGHT,14.0,14.0,70.0,14.0,      0.0000,Y,25.0
THERMAL ZONE: STOR_0200 LIGHTS 3,THERMAL ZONE: STOR_0200,0.45,73.73,33.19,General,MIDRISEAPARTMENT ELECMECH LIGHT,14.0,14.0,70.0,14.0,      0.0000,Y,25.0
THERMAL ZONE: STOR_0300 LIGHTS 3,THERMAL ZONE: STOR_0300,0.45,442.5,199.11,General,MIDRISEAPARTMENT ELECMECH LIGHT,14.0,14.0,70.0,14.0,      0.0000,Y,144.44
THERMAL ZONE: STOR_0400 LIGHTS 3,THERMAL ZONE: STOR_0400,0.45,442.5,199.11,General,MIDRISEAPARTMENT ELECMECH LIGHT,14.0,14.0,70.0,14.0,      0.0000,Y,144.44
THERMAL ZONE: STOR_0500 LIGHTS 3,THERMAL ZONE: STOR_0500,0.45,442.5,199.11,General,MIDRISEAPARTMENT ELECMECH LIGHT,14.0,14.0,70.0,14.0,      0.0000,Y,144.44
THERMAL ZONE: STOR_2100 LIGHTS 3,THERMAL ZONE: STOR_2100,0.45,73.73,33.19,General,MIDRISEAPARTMENT ELECMECH LIGHT,14.0,14.0,70.0,14.0,      0.0000,Y,25.0
THERMAL ZONE: STOR_P100 LIGHTS 3,THERMAL ZONE: STOR_P100,0.45,73.73,33.19,General,MIDRISEAPARTMENT ELECMECH LIGHT,14.0,14.0,70.0,14.0,      0.0000,Y,25.0
THERMAL ZONE: STOR_P200 LIGHTS 3,THERMAL ZONE: STOR_P200,0.45,73.73,33.19,General,MIDRISEAPARTMENT ELECMECH LIGHT,14.0,14.0,70.0,14.0,      0.0000,Y,25.0
THERMAL ZONE: TRASH_0200 LIGHTS 3,THERMAL ZONE: TRASH_0200,0.45,101.61,45.74,General,MIDRISEAPARTMENT ELECMECH LIGHT,14.0,14.0,70.0,14.0,      0.0000,Y,33.33
THERMAL ZONE: TRASH_0300 LIGHTS 3,THERMAL ZONE: TRASH_0300,0.45,609.78,274.42,General,MIDRISEAPARTMENT ELECMECH LIGHT,14.0,14.0,70.0,14.0,      0.0000,Y,200.0
THERMAL ZONE: TRASH_0400 LIGHTS 3,THERMAL ZONE: TRASH_0400,0.45,609.78,274.42,General,MIDRISEAPARTMENT ELECMECH LIGHT,14.0,14.0,70.0,14.0,      0.0000,Y,200.0
THERMAL ZONE: TRASH_0500 LIGHTS 3,THERMAL ZONE: TRASH_0500,0.45,609.78,274.42,General,MIDRISEAPARTMENT ELECMECH LIGHT,14.0,14.0,70.0,14.0,      0.0000,Y,200.0
THERMAL ZONE: TRASH_2100 LIGHTS 3,THERMAL ZONE: TRASH_2100,0.45,101.61,45.74,General,MIDRISEAPARTMENT ELECMECH LIGHT,14.0,14.0,70.0,14.0,      0.0000,Y,33.33
THERMAL ZONE: TRASH_2200 LIGHTS 3,THERMAL ZONE: TRASH_2200,0.45,101.61,45.74,General,MIDRISEAPARTMENT ELECMECH LIGHT,14.0,14.0,70.0,14.0,      0.0000,Y,33.33
THERMAL ZONE: ELEV CONTROL_2301 LIGHTS 4,THERMAL ZONE: ELEV CONTROL_2301,0.68,85.25,57.97,General,MIDRISEAPARTMENT ELECMECH LIGHT,14.0,14.0,70.0,14.0,      0.0000,Y,41.67
THERMAL ZONE: ELEV CONTROL_2302 LIGHTS 4,THERMAL ZONE: ELEV CONTROL_2302,0.68,73.73,50.15,General,MIDRISEAPARTMENT ELECMECH LIGHT,14.0,14.0,70.0,14.0,      0.0000,Y,36.11
THERMAL ZONE: XFMR_0201 LIGHTS 4,THERMAL ZONE: XFMR_0201,0.68,134.55,91.52,General,MIDRISEAPARTMENT ELECMECH LIGHT,14.0,14.0,70.0,14.0,      0.0000,Y,66.67
THERMAL ZONE: XFMR_0401 LIGHTS 4,THERMAL ZONE: XFMR_0401,0.68,807.51,549.12,General,MIDRISEAPARTMENT ELECMECH LIGHT,14.0,14.0,70.0,14.0,      0.0000,Y,400.0
